file_name,text
myfile0.csv,id:1; firstname:Siana; lastname:Palocz; email:Siana.Palocz@yopmail.com; licenseid:195f9545-a150-4a55-a6ca-4d52c1477484; profession:developer
myfile0.csv,id:2; firstname:Rayna; lastname:Kesley; email:Rayna.Kesley@yopmail.com; licenseid:b7d97241-fc74-427e-ba0a-2e403604a80e; profession:firefighter
myfile0.csv,id:3; firstname:Barbara; lastname:Fredi; email:Barbara.Fredi@yopmail.com; licenseid:39c04137-95ef-47d5-835f-81799ad1e023; profession:police officer
myfile0.csv,id:4; firstname:Riannon; lastname:Hedve; email:Riannon.Hedve@yopmail.com; licenseid:04c2464a-66cd-44f7-af54-571c6307a4d5; profession:firefighter
myfile0.csv,id:5; firstname:Tracey; lastname:Brandice; email:Tracey.Brandice@yopmail.com; licenseid:a8e3d784-b75f-4f20-9996-52abac8701fd; profession:developer
myfile0.csv,id:6; firstname:Lorenza; lastname:Fitzsimmons; email:Lorenza.Fitzsimmons@yopmail.com; licenseid:129a272b-6e6a-4e01-90e8-4bce3307e0e2; profession:doctor
myfile0.csv,id:7; firstname:Ebonee; lastname:Bakerman; email:Ebonee.Bakerman@yopmail.com; licenseid:732df93e-34ea-4d11-a3b6-56e2309891f9; profession:police officer
myfile0.csv,id:8; firstname:Dania; lastname:Sidonius; email:Dania.Sidonius@yopmail.com; licenseid:7a8ca31d-01fe-4da2-93dd-1ebf9f9d5245; profession:police officer
myfile0.csv,id:9; firstname:Cristabel; lastname:Jeanne; email:Cristabel.Jeanne@yopmail.com; licenseid:94cb03a6-ed2e-47e5-bdd9-a914e82968f5; profession:doctor
myfile0.csv,id:10; firstname:Karina; lastname:Mayeda; email:Karina.Mayeda@yopmail.com; licenseid:b774db63-ab3d-446d-b1c6-3ba7990b74ed; profession:firefighter
myfile0.csv,id:11; firstname:Emilia; lastname:Thomasina; email:Emilia.Thomasina@yopmail.com; licenseid:2bca814a-def7-4fdc-82fc-6aaa7ad56151; profession:developer
myfile0.csv,id:12; firstname:Nita; lastname:Radu; email:Nita.Radu@yopmail.com; licenseid:f029cb84-679a-4035-9697-214cec3f983e; profession:police officer
myfile0.csv,id:13; firstname:Paola; lastname:Rolf; email:Paola.Rolf@yopmail.com; licenseid:a2ab852d-678b-489a-92be-48263d062f90; profession:police officer
myfile0.csv,id:14; firstname:Jaime; lastname:Bebe; email:Jaime.Bebe@yopmail.com; licenseid:67c84c0a-3bd6-4291-b44f-5b885a573a13; profession:police officer
myfile0.csv,id:15; firstname:Lesly; lastname:Pond; email:Lesly.Pond@yopmail.com; licenseid:e1dc9e7a-7577-4265-8439-dc8fcb437bf7; profession:firefighter
myfile0.csv,id:16; firstname:Tiffie; lastname:Oster; email:Tiffie.Oster@yopmail.com; licenseid:09b199ad-da40-418e-b1e9-514e528c8a1f; profession:doctor
myfile0.csv,id:17; firstname:Chickie; lastname:Joseph; email:Chickie.Joseph@yopmail.com; licenseid:95acfbe5-773c-4354-b4a0-c7cf2371cff2; profession:doctor
myfile0.csv,id:18; firstname:Lisette; lastname:Lalitta; email:Lisette.Lalitta@yopmail.com; licenseid:b9aee4f4-d7c2-48e2-9a32-4c3e1899b289; profession:developer
myfile0.csv,id:19; firstname:Dorthy; lastname:Madaih; email:Dorthy.Madaih@yopmail.com; licenseid:5fa90215-d0fc-4f12-baaa-43eef7232aed; profession:developer
myfile0.csv,id:20; firstname:Tamqrah; lastname:Bach; email:Tamqrah.Bach@yopmail.com; licenseid:49965c52-1727-4ade-9173-9d9c8c0d8438; profession:developer
myfile0.csv,id:21; firstname:Quintina; lastname:Aldric; email:Quintina.Aldric@yopmail.com; licenseid:58322080-071a-47a0-8332-6bd4db264a6a; profession:police officer
myfile0.csv,id:22; firstname:Jerry; lastname:Ulphia; email:Jerry.Ulphia@yopmail.com; licenseid:4d5301b2-b726-4787-bee0-db576b0a5af1; profession:doctor
myfile0.csv,id:23; firstname:Petronia; lastname:Fiann; email:Petronia.Fiann@yopmail.com; licenseid:071f12c4-1b67-4393-9aff-dc9fd0a49df9; profession:police officer
myfile0.csv,id:24; firstname:Anthia; lastname:Robertson; email:Anthia.Robertson@yopmail.com; licenseid:097a3cba-2a26-49b3-8ee4-52d864390209; profession:doctor
myfile0.csv,id:25; firstname:Jaime; lastname:Marlie; email:Jaime.Marlie@yopmail.com; licenseid:998b78ee-5771-422c-8a74-f09f8f70ab17; profession:police officer
myfile0.csv,id:26; firstname:Beverley; lastname:Durware; email:Beverley.Durware@yopmail.com; licenseid:a87ed7a8-1c6e-4aa5-9859-ff696345b42c; profession:worker
myfile0.csv,id:27; firstname:Jean; lastname:Linehan; email:Jean.Linehan@yopmail.com; licenseid:d77e072a-0a07-4337-af99-c94bc5f4b189; profession:doctor
myfile0.csv,id:28; firstname:Katharina; lastname:Roxanna; email:Katharina.Roxanna@yopmail.com; licenseid:2cd67dff-94c7-46f9-9df6-a26e9a907158; profession:doctor
myfile0.csv,id:29; firstname:Consuela; lastname:Kress; email:Consuela.Kress@yopmail.com; licenseid:8e4e2041-ae12-44b7-a269-bd371f6f69c0; profession:doctor
myfile0.csv,id:30; firstname:Melodie; lastname:Kendrick; email:Melodie.Kendrick@yopmail.com; licenseid:e663b066-96a5-46e8-9c0e-c3aa5150d01c; profession:doctor
myfile0.csv,id:31; firstname:Hallie; lastname:Sophronia; email:Hallie.Sophronia@yopmail.com; licenseid:f5e8c16a-8cd8-4af0-aaca-1f57c6df904c; profession:firefighter
myfile0.csv,id:32; firstname:Genevra; lastname:Eldrid; email:Genevra.Eldrid@yopmail.com; licenseid:8ca5c95c-b171-4843-9081-c71edde64b7b; profession:doctor
myfile0.csv,id:33; firstname:Edyth; lastname:Ries; email:Edyth.Ries@yopmail.com; licenseid:06bf1535-e1b1-4e8c-baef-f6f5bbf4a49e; profession:doctor
myfile0.csv,id:34; firstname:Ofilia; lastname:Bow; email:Ofilia.Bow@yopmail.com; licenseid:e3919396-e82b-4445-9aa8-c971f914b109; profession:doctor
myfile0.csv,id:35; firstname:Tobe; lastname:Yorick; email:Tobe.Yorick@yopmail.com; licenseid:e9b6d21e-35bc-43c4-b327-60d0257bf318; profession:firefighter
myfile0.csv,id:36; firstname:Tamqrah; lastname:Rugen; email:Tamqrah.Rugen@yopmail.com; licenseid:3c0b991f-6bbe-4f22-aeb2-c4992630c2f0; profession:police officer
myfile0.csv,id:37; firstname:Dawn; lastname:Cutlerr; email:Dawn.Cutlerr@yopmail.com; licenseid:eed1094f-f960-4422-9675-622679000a5d; profession:police officer
myfile0.csv,id:38; firstname:Dominga; lastname:Eldrid; email:Dominga.Eldrid@yopmail.com; licenseid:ef1344c8-655b-4377-a7ef-fdf7704f36cc; profession:police officer
myfile0.csv,id:39; firstname:Marguerite; lastname:Arley; email:Marguerite.Arley@yopmail.com; licenseid:6dfcd880-9535-47fc-9097-309c1e8be3eb; profession:doctor
myfile0.csv,id:40; firstname:Alleen; lastname:Wallis; email:Alleen.Wallis@yopmail.com; licenseid:e28aa7c9-f65e-4cce-b5ed-9464996ee819; profession:developer
myfile0.csv,id:41; firstname:Bernardine; lastname:Mallon; email:Bernardine.Mallon@yopmail.com; licenseid:361e0e46-31b1-462b-805b-4dd72f53e556; profession:doctor
myfile0.csv,id:42; firstname:Eve; lastname:Barrus; email:Eve.Barrus@yopmail.com; licenseid:fe940ece-da80-4b19-889a-09b5377ad208; profession:worker
myfile0.csv,id:43; firstname:Joane; lastname:Shaddock; email:Joane.Shaddock@yopmail.com; licenseid:29a93832-a000-47bf-b06a-b848ac23d39d; profession:doctor
myfile0.csv,id:44; firstname:Ethel; lastname:Tound; email:Ethel.Tound@yopmail.com; licenseid:fb2cfb8c-993d-4c65-8627-817e170788ba; profession:firefighter
myfile0.csv,id:45; firstname:Randa; lastname:Delp; email:Randa.Delp@yopmail.com; licenseid:95b4c844-3385-4c98-a023-ccda018fe2ce; profession:worker
myfile0.csv,id:46; firstname:Heida; lastname:Gower; email:Heida.Gower@yopmail.com; licenseid:65134f02-9742-4bcb-8780-f1cd52a9e3c5; profession:firefighter
myfile0.csv,id:47; firstname:Lucy; lastname:Stilwell; email:Lucy.Stilwell@yopmail.com; licenseid:e2349814-6d07-494d-bd24-286600b23bf0; profession:doctor
myfile0.csv,id:48; firstname:Elora; lastname:Selway; email:Elora.Selway@yopmail.com; licenseid:4f148cf1-cba1-426a-9c53-286d178798c6; profession:worker
myfile0.csv,id:49; firstname:Angela; lastname:Toffic; email:Angela.Toffic@yopmail.com; licenseid:9ce18ed1-2c6b-4f9f-8c41-e9479eb0e572; profession:doctor
myfile0.csv,id:50; firstname:Nikki; lastname:Means; email:Nikki.Means@yopmail.com; licenseid:92c907da-16b3-4b4d-a7f2-59fd0c13aae6; profession:doctor
